A1N, NONE
A2N, NONE
A3N, NONE
B1N, NONE(Harborline 765)
B2N, Midtown Parkway
B3N, NONE(Island Circle)
C1N, NONE
C2N, NONE
C3N, NONE
D1N, Rave City Rivefront
D2N, Downtown Rave City
D3N, NONE(Crossbay Tunnel)
E1N, Seacrest District
E2N, Surfside Resort
E3N, NONE(Sunset Heights)
F1N, Mist Falls
F2N, NONE(Lost Ruins)
F3N, Shadow Caves
G1N, Redstone Thunder Road
H1N, Oceanfront Cruise Way
I1N, Silver Mountain Skyway
n2N, Sunset Drive
n2E, EX Revolution Road
n3M, Mythical Coast
n3O, Union Hill District
n5S, Seaside Route 765